[
  {
    "type": "A",
    "quotes": [
      {
        "text": "Big Brother is Watching You.",
        "author": "George Orwell"
      },
      {
        "text": "Be yourself; everyone else is already taken.",
        "author": "Oscar Wilde"
      }
    ],
    "days": [
      {
        "name": "Monday 22 August",
        "info": "School Holiday"
      },
      {
        "name": "Tuesday 23 August",
        "info": "School Begins"
      },
      {
        "name": "Wednesday 24 August",
        "info": null
      },
      {
        "name": "Thursday 25 August",
        "info": null
      },
      {
        "name": "Friday 26 August",
        "info": null
      }
    ]
  },
  {
    "type": "B",
    "quotes": [
      {
        "text": "Don't think or judge, just listen.",
        "author": "Sarah Dessen"
      },
      {
        "text": "If you want to change the world, start with yourself.",
        "author": "Mahatma Gandhi"
      }
    ],
    "days": [
      {
        "name": "Monday 29 September",
        "info": null
      },
      {
        "name": "Tuesday 30 September",
        "info": null
      },
      {
        "name": "Wednesday 31 September",
        "info": null
      },
      {
        "name": "Thursday 1 September",
        "info": null
      },
      {
        "name": "Friday 2 September",
        "info": null
      }
    ]
  },
  {
    "type": "A",
    "quotes": [
      {
        "text": "Weather forecast for tonight: dark.",
        "author": "George Carlin"
      },
      {
        "text": "Learning never exhausts the mind.",
        "author": "Leonadro Da Vinci"
      }
    ],
    "days": [
      {
        "name": "Monday 5 September",
        "info": null
      },
      {
        "name": "Tuesday 6 September",
        "info": null
      },
      {
        "name": "Wednesday 7 September",
        "info": null
      },
      {
        "name": "Thursday 8 September",
        "info": null
      },
      {
        "name": "Friday 9 September",
        "info": null
      }
    ]
  },
  {
    "type": "AW",
    "quotes": [
      {
        "text": "Those who know don't tell and those who tell don't know.",
        "author": "Michael Lewis"
      },
      {
        "text": "The most wasted of all days is one without laughter.",
        "author": "E.E. Cummings"
      }
    ],
    "days": [
      {
        "name": "Monday 12 September",
        "info": null
      },
      {
        "name": "Tuesday 13 September",
        "info": null
      },
      {
        "name": "Wednesday 14 September",
        "info": null
      },
      {
        "name": "Thursday 15 September",
        "info": null
      },
      {
        "name": "Friday 16 September",
        "info": null
      }
    ]
  },
  {
    "type": "B",
    "quotes": [
      {
        "text": "To be or not to be, that is the question.",
        "author": "William Shakespeare"
      },
      {
        "text": "All generalizations are false, including this one.",
        "author": "Mark Twain"
      }
    ],
    "days": [
      {
        "name": "Monday 19 September",
        "info": null
      },
      {
        "name": "Tuesday 20 September",
        "info": null
      },
      {
        "name": "Wednesday 21 September",
        "info": null
      },
      {
        "name": "Thursday 22 September",
        "info": null
      },
      {
        "name": "Friday 23 September",
        "info": null
      }
    ]
  },
  {
    "type": "A",
    "quotes": [
      {
        "text": "All right everyone, line up alphabetically according to your height.",
        "author": "Casey Stengel"
      },
      {
        "text": "The saddest aspect of life right now is that science gathers knowledge faster than society gathers wisdom.",
        "author": "Isaac Asimov"
      }
    ],
    "days": [
      {
        "name": "Monday 26 September",
        "info": null
      },
      {
        "name": "Tuesday 27 September",
        "info": null
      },
      {
        "name": "Wednesday 28 September",
        "info": null
      },
      {
        "name": "Thursday 29 September",
        "info": null
      },
      {
        "name": "Friday 30 September",
        "info": "School Holiday"
      }
    ]
  },
  {
    "type": "B",
    "quotes": [
      {
        "text": "Logic will get you from A to B. Imagination will take you everywhere.",
        "author": "Albert Einstein"
      },
      {
        "text": "The trouble with having an open mind, of course, is that people will insist on coming along and trying to put things in it.",
        "author": "Terry Pratchett"
      }
    ],
    "days": [
      {
        "name": "Monday 3 October",
        "info": null
      },
      {
        "name": "Tuesday 4 October",
        "info": null
      },
      {
        "name": "Wednesday 5 October",
        "info": null
      },
      {
        "name": "Thursday 6 October",
        "info": null
      },
      {
        "name": "Friday 7 October",
        "info": null
      }
    ]
  },
  {
    "type": "A",
    "quotes": [
      {
        "text": "2 + 2 = 5",
        "author": "George Orwell"
      },
      {
        "text": "Did you hear about the man who got cooled to absolute zero? He's 0K now.",
        "author": "Unknown"
      }
    ],
    "days": [
      {
        "name": "Monday 10 October",
        "info": null
      },
      {
        "name": "Tuesday 11 October",
        "info": null
      },
      {
        "name": "Wednesday 12 October",
        "info": null
      },
      {
        "name": "Thursday 13 October",
        "info": null
      },
      {
        "name": "Friday 14 October",
        "info": null
      }
    ]
  },
  {
    "type": "B",
    "quotes": [
      {
        "text": "There cannot be a crisis next week. My schedule is already full.",
        "author": "Henry A. Kissinger"
      },
      {
        "text": [
          ["The sentence bellow is correct."],
          ["The sentence above is false."]
        ],
        "author": "Unknown"
      }
    ],
    "days": [
      {
        "name": "Monday 17 October",
        "info": null
      },
      {
        "name": "Tuesday 18 October",
        "info": null
      },
      {
        "name": "Wednesday 19 October",
        "info": null
      },
      {
        "name": "Thursday 20 October",
        "info": null
      },
      {
        "name": "Friday 21 October",
        "info": null
      }
    ]
  },
  {
    "type": "A",
    "quotes": [
      {
        "text": "Life is too short to be living somebody else's dream.",
        "author": "Hugh Hefner"
      },
      {
        "text": "Intelligence is the ability to adapt to change.",
        "author": "Stephen Hawking"
      }
    ],
    "days": [
      {
        "name": "Monday 24 October",
        "info": null
      },
      {
        "name": "Tuesday 25 October",
        "info": null
      },
      {
        "name": "Wednesday 26 October",
        "info": null
      },
      {
        "name": "Thursday 27 October",
        "info": null
      },
      {
        "name": "Friday 28 October",
        "info": ["", "Autumn break begins 29 October - 6 November"]
      }
    ]
  },
  {
    "type": "B",
    "quotes": [
      {
        "text": "If a book about failures doesn't sell, is it a success?",
        "author": "Jerry Seinfeld"
      },
      {
        "text": "Don't trust atoms, they make up everything.",
        "author": "Unknown"
      }
    ],
    "days": [
      {
        "name": "Monday 7 November",
        "info": "School resumes"
      },
      {
        "name": "Tuesday 8 November",
        "info": null
      },
      {
        "name": "Wednesday 9 November",
        "info": null
      },
      {
        "name": "Thursday 10 November",
        "info": null
      },
      {
        "name": "Friday 11 November",
        "info": null
      }
    ]
  },
  {
    "type": "A",
    "quotes": [
      {
        "text": "If I had to live my life again, I'd make the same mistakes, only sooner.",
        "author": "Tallulah Bankhead"
      },
      {
        "text": "People who think they know everything are a great annoyance to those of us who do.",
        "author": "Isaac Asimov"
      }
    ],
    "days": [
      {
        "name": "Monday 14 November",
        "info": null
      },
      {
        "name": "Tuesday 15 November",
        "info": null
      },
      {
        "name": "Wednesday 16 November",
        "info": null
      },
      {
        "name": "Thursday 17 November",
        "info": null
      },
      {
        "name": "Friday 18 November",
        "info": null
      }
    ]
  },
  {
    "type": "B",
    "quotes": [
      {
        "text": "Age is something that doesn't matter, unless you are a cheese.",
        "author": "Luis Bunuel"
      },
      {
        "text": "The best books... are those that tell you what you know already.",
        "author": "George Orwell"
      }
    ],
    "days": [
      {
        "name": "Monday 21 November",
        "info": null
      },
      {
        "name": "Tuesday 22 November",
        "info": null
      },
      {
        "name": "Wednesday 23 November",
        "info": null
      },
      {
        "name": "Thursday 24 November",
        "info": null
      },
      {
        "name": "Friday 25 November",
        "info": null
      }
    ]
  },
  {
    "type": "A",
    "quotes": [
      {
        "text": "All you need is love. But a little chocolate now and then doesn't hurt.",
        "author": "Charles M. Schulz"
      },
      {
        "text": "A lie gets halfway around the world before the truth has a chance to get its pants on.",
        "author": "Winston Churchill"
      }
    ],
    "days": [
      {
        "name": "Monday 28 November",
        "info": null
      },
      {
        "name": "Tuesday 29 November",
        "info": null
      },
      {
        "name": "Wednesday 30 November",
        "info": null
      },
      {
        "name": "Thursday 1 December",
        "info": null
      },
      {
        "name": "Friday 2 December",
        "info": null
      }
    ]
  },
  {
    "type": "B",
    "quotes": [
      {
        "text": "Always forgive your enemies; nothing annoys them so much.",
        "author": "Oscar Wilde"
      },
      {
        "text": "A day without sunshine is like, you know, night.",
        "author": "Steve Martin"
      }
    ],
    "days": [
      {
        "name": "Monday 5 December",
        "info": null
      },
      {
        "name": "Tuesday 6 December",
        "info": null
      },
      {
        "name": "Wednesday 7 December",
        "info": null
      },
      {
        "name": "Thursday 8 December",
        "info": "Public Holiday"
      },
      {
        "name": "Friday 9 December",
        "info": "School Holiday"
      }
    ]
  },
  {
    "type": "A",
    "quotes": [
      {
        "text": "I generally avoid temptation unless I can't resist it.",
        "author": "Mae West"
      },
      {
        "text": "Everything must be made as simple as possible. But not simpler.",
        "author": "Albert Einstein"
      }
    ],
    "days": [
      {
        "name": "Monday 12 December",
        "info": null
      },
      {
        "name": "Tuesday 13 December",
        "info": null
      },
      {
        "name": "Wednesday 14 December",
        "info": null
      },
      {
        "name": "Thursday 15 December",
        "info": null
      },
      {
        "name": "Friday 16 December",
        "info": null
      }
    ]
  },
  {
    "type": "B",
    "quotes": [
      {
        "text": "You only live once, but if you do it right, once is enough.",
        "author": "Mae West"
      },
      {
        "text": "In a time of deceit telling the truth is a revolutionary act.",
        "author": "George Orwell"
      }
    ],
    "days": [
      {
        "name": "Monday 19 December",
        "info": null
      },
      {
        "name": "Tuesday 20 January",
        "info": null
      },
      {
        "name": "Wednesday 21 January",
        "info": ["", "Winter break begins 22 December - 8 January"]
      },
      {
        "name": "Thursday 22 January",
        "info": null
      },
      {
        "name": "Friday 9 January",
        "info": "School Holiday"
      }
    ]
  },
  {
    "type": "A",
    "quotes": [
      {
        "text": "There are three types of lies -- lies, damn lies, and statistics.",
        "author": "Benjamin Disraeli"
      },
      {
        "text": "The best way to find out if you can trust somebody is to trust them.",
        "author": "Earnest Hemingway"
      }
    ],
    "days": [
      {
        "name": "Monday 9 January",
        "info": "School resumes"
      },
      {
        "name": "Tuesday 10 January",
        "info": null
      },
      {
        "name": "Wednesday 11 January",
        "info": null
      },
      {
        "name": "Thursday 12 January",
        "info": null
      },
      {
        "name": "Friday 13 January",
        "info": null
      }
    ]
  },
  {
    "type": "B",
    "quotes": [
      {
        "text": "There are no facts, only interpretations.",
        "author": "Friedrich Nietzsche"
      },
      {
        "text": "It is better to offer no excuse than a bad one.",
        "author": "George Washington"
      }
    ],
    "days": [
      {
        "name": "Monday 16 January",
        "info": null
      },
      {
        "name": "Tuesday 17 January",
        "info": null
      },
      {
        "name": "Wednesday 18 January",
        "info": null
      },
      {
        "name": "Thursday 19 January",
        "info": ["", "MYP Action 1st semester deadline"]
      },
      {
        "name": "Friday 20 January",
        "info": null
      }
    ]
  },
  {
    "type": "A",
    "quotes": [
      {
        "text": "Truth never damages a cause that is just.",
        "author": "Mahatma Gandhi"
      },
      {
        "text": "It is hard to fail, but it is worse never to have tried to succeed.",
        "author": "Theodore Roosevelt"
      }
    ],
    "days": [
      {
        "name": "Monday 23 January",
        "info": null
      },
      {
        "name": "Tuesday 24 January",
        "info": null
      },
      {
        "name": "Wednesday 25 January",
        "info": null
      },
      {
        "name": "Thursday 26 January",
        "info": null
      },
      {
        "name": "Friday 27 January",
        "info": null
      }
    ]
  },
  {
    "type": "B",
    "quotes": [
      {
        "text": "Science is what we understand well enough to explain to a computer; art is everything else.",
        "author": "Donald Knuth"
      },
      {
        "text": "Never trust a computer you can't throw out a window",
        "author": "Steve Wozniak"
      }
    ],
    "days": [
      {
        "name": "Monday 30 January",
        "info": null
      },
      {
        "name": "Tuesday 31 January",
        "info": null
      },
      {
        "name": "Wednesday 1 February",
        "info": null
      },
      {
        "name": "Thursday 2 February",
        "info": null
      },
      {
        "name": "Friday 3 February",
        "info": null
      }
    ]
  },
  {
    "type": "A",
    "quotes": [
      {
        "text": "When life gives you questions, Google has answers.",
        "author": "Unknown"
      },
      {
        "text": "Gravitation is not responsible for people falling in love.",
        "author": "Albert Einstein"
      }
    ],
    "days": [
      {
        "name": "Monday 6 February",
        "info": null
      },
      {
        "name": "Tuesday 7 February",
        "info": null
      },
      {
        "name": "Wednesday 8 February",
        "info": null
      },
      {
        "name": "Thursday 9 February",
        "info": null
      },
      {
        "name": "Friday 10 February",
        "info": null
      }
    ]
  },
  {
    "type": "B",
    "quotes": [
      {
        "text": "An investment in knowledge pays the best interest.",
        "author": "Benjamin Franklin"
      },
      {
        "text": "If you never start, you never finish.",
        "author": "Unknown"
      }
    ],
    "days": [
      {
        "name": "Monday 13 February",
        "info": null
      },
      {
        "name": "Tuesday 14 February",
        "info": null
      },
      {
        "name": "Wednesday 15 February",
        "info": null
      },
      {
        "name": "Thursday 16 February",
        "info": null
      },
      {
        "name": "Friday 17 February",
        "info": ["", "February break begins 18 February - 26 February"]
      }
    ]
  },
  {
    "type": "A",
    "quotes": [
      {
        "text": "What do you do when you cross a joke with a rhetorical question?",
        "author": "Unknown"
      },
      {
        "text": "Utopia means elsewhere.",
        "author": "John Malkovich"
      }
    ],
    "days": [
      {
        "name": "Monday 27 February",
        "info": "School resumes"
      },
      {
        "name": "Tuesday 28 February",
        "info": null
      },
      {
        "name": "Wednesday 1 March",
        "info": null
      },
      {
        "name": "Thursday 2 March",
        "info": null
      },
      {
        "name": "Friday 3 March",
        "info": null
      }
    ]
  },
  {
    "type": "B",
    "quotes": [
      {
        "text": "There is nothing better than a friend, unless it is a friend with chocolate.",
        "author": "Linda Grayson"
      },
      {
        "text": "By all means let's be open-minded, but not so open-minded that our brains drop out.",
        "author": "Richard Dawkins"
      }
    ],
    "days": [
      {
        "name": "Monday 6 March",
        "info": null
      },
      {
        "name": "Tuesday 7 March",
        "info": null
      },
      {
        "name": "Wednesday 8 March",
        "info": null
      },
      {
        "name": "Thursday 9 March",
        "info": null
      },
      {
        "name": "Friday 10 March",
        "info": null
      }
    ]
  },
  {
    "type": "A",
    "quotes": [
      {
        "text": "Procrastination is the art of keeping up with yesterday.",
        "author": "Don Marquis"
      },
      {
        "text": "I'm an idealist. I don't know where I'm going, but I'm on my way.",
        "author": "Carl Sandburg"
      }
    ],
    "days": [
      {
        "name": "Monday 13 March",
        "info": null
      },
      {
        "name": "Tuesday 14 March",
        "info": null
      },
      {
        "name": "Wednesday 15 March",
        "info": null
      },
      {
        "name": "Thursday 16 March",
        "info": null
      },
      {
        "name": "Friday 17 March",
        "info": null
      }
    ]
  },
  {
    "type": "B",
    "quotes": [
      {
        "text": "Never memorize something that you can look up.",
        "author": "Albert Einstein"
      },
      {
        "text": "Education is the most powerful weapon you can use to change the world",
        "author": "Nelson Mandela "
      }
    ],
    "days": [
      {
        "name": "Monday 20 March",
        "info": null
      },
      {
        "name": "Tuesday 21 March",
        "info": null
      },
      {
        "name": "Wednesday 22 March",
        "info": null
      },
      {
        "name": "Thursday 23 March",
        "info": null
      },
      {
        "name": "Friday 24 March",
        "info": null
      }
    ]
  },
  {
    "type": "A",
    "quotes": [
      {
        "text": "Extraordinary claims require extraordinary evidence.",
        "author": "Carl Sagan"
      },
      {
        "text": "Veni, Vedi, Vici",
        "author": "Julius Caesar"
      }
    ],
    "days": [
      {
        "name": "Monday 27 March",
        "info": null
      },
      {
        "name": "Tuesday 28 March",
        "info": null
      },
      {
        "name": "Wednesday 29 March",
        "info": null
      },
      {
        "name": "Thursday 30 March",
        "info": null
      },
      {
        "name": "Friday 31 March",
        "info": null
      }
    ]
  },
  {
    "type": "B",
    "quotes": [
      {
        "text": "The difference between genius and stupidity is; genius has its limits.",
        "author": "Albert Einstein"
      },
      {
        "text": "Where there is love, there is life",
        "author": "Mahatma Gandhi"
      }
    ],
    "days": [
      {
        "name": "Monday 3 April",
        "info": null
      },
      {
        "name": "Tuesday 4 April",
        "info": null
      },
      {
        "name": "Wednesday 5 April",
        "info": null
      },
      {
        "name": "Thursday 6 April",
        "info": null
      },
      {
        "name": "Friday 7 April",
        "info": null
      }
    ]
  },
  {
    "type": "A",
    "quotes": [
      {
        "text": "Isn't it enough to see that a garden is beautiful without having to believe that there are fairies at the bottom of it too?",
        "author": "Douglas Adams"
      },
      {
        "text": "Technical skill is mastery of complexity. Creativity is mastery of simplicity",
        "author": "E.C. Zeeman"
      }
    ],
    "days": [
      {
        "name": "Monday 10 April",
        "info": null
      },
      {
        "name": "Tuesday 11 April",
        "info": ["", "Spring break begins 12 April - 23 April"]
      },
      {
        "name": "Wednesday 12 April",
        "info": "School Closed"
      },
      {
        "name": "Thursday 13 April",
        "info": "School Holiday"
      },
      {
        "name": "Friday 14 April",
        "info": "School Holiday"
      }
    ]
  },
  {
    "type": "B",
    "quotes": [
      {
        "text": "I'd take the awe of understanding over the awe of ignorance any day.",
        "author": "Douglas Adams"
      },
      {
        "text": "The purpose of computing is insight, not numbers!",
        "author": "R. W. Hamming"
      }
    ],
    "days": [
      {
        "name": "Monday 24 April",
        "info": "School resumes"
      },
      {
        "name": "Tuesday 25 April",
        "info": null
      },
      {
        "name": "Wednesday 26 April",
        "info": null
      },
      {
        "name": "Thursday 27 April",
        "info": null
      },
      {
        "name": "Friday 28 April",
        "info": null
      }
    ]
  },
  {
    "type": "A",
    "quotes": [
      {
        "text": "May the fourth be with you.",
        "author": "George Lucas "
      },
      {
        "text": "Millions saw the apple fall, but Newton asked why.",
        "author": "Bernard Baruch"
      }
    ],
    "days": [
      {
        "name": "Monday 1 May",
        "info": "Public Holiday"
      },
      {
        "name": "Tuesday 2 May",
        "info": null
      },
      {
        "name": "Wednesday 3 May",
        "info": null
      },
      {
        "name": "Thursday 4 May",
        "info": null
      },
      {
        "name": "Friday 5 May",
        "info": null
      }
    ]
  },
  {
    "type": "B",
    "quotes": [
      {
        "text": "Mathematics is no more computation than typing is literature",
        "author": "John Allen Paulos"
      },
      {
        "text": "If you have two friends in your lifetime, you're lucky. If you have one good friend, you're more than lucky.",
        "author": "S.E. Hinton"
      }
    ],
    "days": [
      {
        "name": "Monday 8 May",
        "info": null
      },
      {
        "name": "Tuesday 9 May",
        "info": null
      },
      {
        "name": "Wednesday 10 May",
        "info": null
      },
      {
        "name": "Thursday 11 May",
        "info": null
      },
      {
        "name": "Friday 12 May",
        "info": null
      }
    ]
  },
  {
    "type": "A",
    "quotes": [
      {
        "text": "Sometimes the heart sees what is invisible to the eye.",
        "author": "H. Jackson Brown, Jr."
      },
      {
        "text": "The whole purpose of education is to turn mirrors into windows.",
        "author": "Sydney J. Harris"
      }
    ],
    "days": [
      {
        "name": "Monday 15 May",
        "info": null
      },
      {
        "name": "Tuesday 16 May",
        "info": null
      },
      {
        "name": "Wednesday 17 May",
        "info": null
      },
      {
        "name": "Thursday 18 May",
        "info": null
      },
      {
        "name": "Friday 19 May",
        "info": null
      }
    ]
  },
  {
    "type": "B",
    "quotes": [
      {
        "text": "I can't change the direction of the wind, but I can adjust my sails to always reach my destination.",
        "author": "Jimmy Dean"
      },
      {
        "text": "Believe you can and you're halfway there.",
        "author": "Theodore Roosevelt"
      }
    ],
    "days": [
      {
        "name": "Monday 22 May",
        "info": null
      },
      {
        "name": "Tuesday 23 May",
        "info": null
      },
      {
        "name": "Wednesday 24 May",
        "info": null
      },
      {
        "name": "Thursday 25 May",
        "info": "Public Holiday"
      },
      {
        "name": "Friday 26 May",
        "info": null
      }
    ]
  },
  {
    "type": "A",
    "quotes": [
      {
        "text": "There's no such thing as a stupid question.",
        "author": "Unknown"
      },
      {
        "text": "To succeed in life, you need two things: ignorance and confidence.",
        "author": "Mark Twain"
      }
    ],
    "days": [
      {
        "name": "Monday 29 May",
        "info": null
      },
      {
        "name": "Tuesday 30 June",
        "info": "MYP Action 2nd semester deadline"
      },
      {
        "name": "Wednesday 31 June",
        "info": null
      },
      {
        "name": "Thursday 1 June",
        "info": null
      },
      {
        "name": "Friday 2 June",
        "info": null
      }
    ]
  },
  {
    "type": "B",
    "quotes": [
      {
        "text": "There is no friend as loyal as a book.",
        "author": "Earnest Hemingway"
      },
      {
        "text": "Do or do not. There is no try.",
        "author": "Master Yoda"
      }
    ],
    "days": [
      {
        "name": "Monday 5 June",
        "info": "Public Holiday"
      },
      {
        "name": "Tuesday 6 June",
        "info": "School Holiday"
      },
      {
        "name": "Wednesday 7 June",
        "info": null
      },
      {
        "name": "Thursday 8 June",
        "info": null
      },
      {
        "name": "Friday 9 June",
        "info": null
      }
    ]
  },
  {
    "type": "A",
    "quotes": [
      {
        "text": "First they ignore you, then they laugh at you, then they fight you, then you win.",
        "author": "Mahatma Gandhi"
      },
      {
        "text": "Life is 10 percent what you make it, and 90 percent how you take it",
        "author": "Irving Berlin"
      }
    ],
    "days": [
      {
        "name": "Monday 12 June",
        "info": null
      },
      {
        "name": "Tuesday 13 June",
        "info": null
      },
      {
        "name": "Wednesday 14 June",
        "info": null
      },
      {
        "name": "Thursday 15 June",
        "info": "Public Holiday"
      },
      {
        "name": "Friday 16 June",
        "info": null
      }
    ]
  },
  {
    "type": "B",
    "quotes": [
      {
        "text": "The force is strong with this one.",
        "author": "Darth Vader"
      },
      {
        "text": "A life? Cool! Where can I download one of those?",
        "author": "Unknown"
      }
    ],
    "days": [
      {
        "name": "Monday 19 June",
        "info": null
      },
      {
        "name": "Tuesday 20 June",
        "info": null
      },
      {
        "name": "Wednesday 21 June",
        "info": null
      },
      {
        "name": "Thursday 22 June",
        "info": null
      },
      {
        "name": "Friday 23 June",
        "info": "Summer break begins"
      }
    ]
  }
]
